reportId,district,animalType,latitude,longitude,address,description,possibleCauses,severity,status,aiConfidence,timestamp
RPT-TNV-001,Tirunelveli,Dog,8.7138,77.7568,"South Bypass Highway Junction (NH-44), Near Thamirabarani Bridge Turning, Tirunelveli","Adult street dog struck by speeding four-wheeler while crossing the four-lane bypass junction at dusk.","High vehicle speed; Poor street lighting; Animals frequently crossing this road",Critical,COMPLETED,0.98,2026-03-01T18:45:00.000Z
RPT-TNV-002,Tirunelveli,Dog,8.7141,77.757,"South Bypass Corridor, 100m North of Highway Toll Approach, Palayamkottai, Tirunelveli","Puppy hit by two-wheeler, stranded on the highway median strip barrier.","Poor traffic control; High vehicle speed",Moderate,COMPLETED,0.96,2026-03-02T11:20:00.000Z
RPT-TNV-003,Tirunelveli,Cattle,8.7136,77.7565,"NH-44 Underpass Entry, South Bypass Junction, Tirunelveli","Milch cow hit by heavy commercial container truck during night hours with poor visibility.","Road obstruction; Poor street lighting; Garbage/food attracting animals",Critical,COMPLETED,0.99,2026-03-03T20:15:00.000Z
RPT-TNV-004,Tirunelveli,Dog,8.7275,77.7126,"Tirunelveli Railway Junction Road, Near Madurai Road Roundabout, Tirunelveli","Street dog collided with auto-rickshaw navigating crowded junction roundabout.","Heavy traffic/noise; Poor traffic control",Moderate,COMPLETED,0.97,2026-03-04T09:30:00.000Z
RPT-TNV-005,Tirunelveli,Cat,8.723,77.728,"Vannarpettai Sulochana Mudaliar Bridge Approach, Tirunelveli","Cat brushed by two-wheeler on the bridge incline footpath.","High vehicle speed; Poor street lighting",Minor,COMPLETED,0.94,2026-03-05T22:10:00.000Z
RPT-TNV-006,Tirunelveli,Cattle,8.7186,77.7424,"Palayamkottai Gandhi Market Road, Near St. Xavier College, Palayamkottai, Tirunelveli","Stray bull hit by delivery van near vegetable market disposal area.","Garbage/food attracting animals; Poor road visibility",High,COMPLETED,0.98,2026-03-06T17:40:00.000Z
RPT-TNV-007,Tirunelveli,Dog,8.745,77.718,"Thachanallur National Highway (NH-44) Bypass Curve, Tirunelveli","Community dog struck by omni bus entering the city from Madurai highway.","High vehicle speed; Poor road visibility",Critical,COMPLETED,0.96,2026-03-07T21:15:00.000Z
RPT-TNV-008,Tirunelveli,Dog,8.705,77.734,"Melapalayam High Road, Near Bazaar Mosque Junction, Tirunelveli","Street dog collided with a delivery motorcycle in narrow commercial street.","Vehicles parked near road; Heavy traffic/noise",Moderate,COMPLETED,0.95,2026-03-08T14:10:00.000Z
RPT-TNV-009,Tirunelveli,Dog,8.72,77.675,"Pettai Industrial Estate Main Road (SH-40), Pettai, Tirunelveli","Factory watchdog wandered into industrial transit lane and got brushed by lorry.","Poor street lighting; Road obstruction",Moderate,COMPLETED,0.94,2026-03-09T19:00:00.000Z
RPT-TNV-010,Tirunelveli,Cattle,8.852,77.781,"Gangaikondan SIPCOT Industrial Park NH-44 Crossing, Gangaikondan Village, Tirunelveli","Cow grazing on highway median vegetation struck by express goods container.","High vehicle speed; Animals frequently crossing this road",Critical,COMPLETED,0.99,2026-03-10T06:45:00.000Z
RPT-TNV-011,Tirunelveli,Dog,8.683,77.562,"Cheranmahadevi Main Road (SH-40), Near Thamirabarani Canal, Cheranmahadevi, Tirunelveli","Village dog struck by state transport bus on narrow rural highway bend.","Road obstruction; Poor road visibility",High,COMPLETED,0.95,2026-03-11T16:20:00.000Z
RPT-TNV-012,Tirunelveli,Cattle,8.705,77.458,"Ambasamudram - Tenkasi Highway, Near Tilak Vidyalaya, Ambasamudram, Tirunelveli","Stray cow hit by tourist car driving towards Courtallam.","High vehicle speed; Animals frequently crossing this road",Critical,COMPLETED,0.98,2026-03-12T18:30:00.000Z
RPT-TNV-013,Tirunelveli,Cat,8.692,77.461,"Kallidaikurichi Agasthiyar Temple Road, Near Railway Crossing, Kallidaikurichi, Tirunelveli","Cat hit by motorcycle crossing closed railway gate bypass.","Poor street lighting; Poor road visibility",Minor,COMPLETED,0.93,2026-03-13T20:50:00.000Z
RPT-TNV-014,Tirunelveli,Dog,8.489,77.662,"Nanguneri Special Economic Zone NH-44 Toll Approach, Nanguneri, Tirunelveli","Stray dog hit at high speed near the toll lane deceleration zone.","High vehicle speed; Lack of animal crossing signage",High,COMPLETED,0.97,2026-03-14T07:15:00.000Z
RPT-TNV-015,Tirunelveli,Cattle,8.381,77.618,"Vallioor New Bus Stand NH-44 Junction, Vallioor Village, Tirunelveli","Cow struck by interstate tourist bus at Vallioor junction.","Poor traffic control; Garbage/food attracting animals",Critical,COMPLETED,0.99,2026-03-14T19:25:00.000Z
RPT-TNV-016,Tirunelveli,Dog,8.324,77.581,"Panagudi Windmill Farm Corridor Road, Panagudi Village, Tirunelveli","Shepherd dog hit by maintenance pickup truck near windmill substation.","High vehicle speed; Poor road visibility",Moderate,COMPLETED,0.96,2026-03-15T15:00:00.000Z
RPT-TNV-017,Tirunelveli,Dog,8.513,77.552,"Kalakkad Mundanthurai Wildlife Sanctuary Buffer Road, Kalakkad, Tirunelveli","Stray dog struck by tourist vehicle on foothills approach road.","Animals frequently crossing this road; High vehicle speed",Moderate,COMPLETED,0.95,2026-03-16T12:40:00.000Z
RPT-TNV-018,Tirunelveli,Cat,8.841,77.643,"Manur Lake Bund Road, Near Manur Police Station, Manur Village, Tirunelveli","Cat hit on narrow canal bridge culvert by tractor.","Poor street lighting; Road obstruction",Minor,COMPLETED,0.92,2026-03-17T21:00:00.000Z
RPT-TNV-019,Tirunelveli,Dog,8.681,77.745,"Reddiarpatti Hill Road Intersection, Reddiarpatti Village, Tirunelveli","Dog hit by tipper lorry carrying quarry gravel.","High vehicle speed; Poor road visibility",Critical,COMPLETED,0.98,2026-03-18T10:15:00.000Z
RPT-TNV-020,Tirunelveli,Cattle,8.694,77.618,"Gopalasamudram Village Agraharam Link Road, Gopalasamudram, Tirunelveli","Cow injured after vehicular impact with water tanker on village bend.","Road obstruction; Animals frequently crossing this road",High,COMPLETED,0.97,2026-03-19T08:30:00.000Z
RPT-TUT-001,Thoothukudi,Dog,8.798,78.134,"Palayamkottai Road, Near VVD Signal Intersection, Thoothukudi City","Street dog run over near central commercial traffic junction during evening rush hour.","Heavy traffic/noise; Poor traffic control",Critical,COMPLETED,0.97,2026-03-01T19:10:00.000Z
RPT-TUT-002,Thoothukudi,Dog,8.762,78.158,"Harbour Express Highway, Near Port Trust Central Gate, Thoothukudi","Stray dog struck by container trailer on the multi-axle port expressway.","High vehicle speed; Lack of animal crossing signage",Critical,COMPLETED,0.98,2026-03-02T22:45:00.000Z
RPT-TUT-003,Thoothukudi,Cattle,8.775,78.082,"NH-138 Highway Corridor, Near Korampallam Lake Bridge, Korampallam, Thoothukudi","Grazing bull struck by express bus while crossing the Korampallam lake overbridge.","High vehicle speed; Poor street lighting; Stray cattle grazing on verge",Critical,COMPLETED,0.99,2026-03-03T20:30:00.000Z
RPT-TUT-004,Thoothukudi,Cat,8.805,78.148,"Mattakadai Fish Market Road, Near Old Harbour Road, Thoothukudi","Cat brushed by fish transit tempo near market curb.","Garbage/food attracting animals; Vehicles parked near road",Minor,COMPLETED,0.94,2026-03-04T06:15:00.000Z
RPT-TUT-005,Thoothukudi,Dog,8.712,78.148,"Mullakadu Industrial Highway, Near SPIC Complex Entry, Mullakadu, Thoothukudi","Factory stray dog collided with chemical tanker truck.","Heavy traffic/noise; Poor road visibility",Moderate,COMPLETED,0.96,2026-03-05T17:30:00.000Z
RPT-TUT-006,Thoothukudi,Cattle,8.755,78.028,"NH-138 Highway Bypass, Near Pudukkottai Toll Junction, Pudukkottai Village, Thoothukudi","Cow hit by speeding SUV near village median intersection.","High vehicle speed; Lack of animal crossing signage",Critical,COMPLETED,0.99,2026-03-06T18:50:00.000Z
RPT-TUT-007,Thoothukudi,Dog,8.498,78.125,"Tiruchendur Temple Car Street & SH-176 Coastal Road Junction, Tiruchendur, Thoothukudi","Community dog hit by pilgrimage bus near the coastal temple entrance lane.","Heavy traffic/noise; Poor traffic control",Moderate,COMPLETED,0.97,2026-03-07T11:40:00.000Z
RPT-TUT-008,Thoothukudi,Dog,8.568,78.134,"Kayalpattinam Coastal Bypass Road, Kayalpattinam Village, Thoothukudi","Stray dog brushed by tempo on sand-covered asphalt road.","Poor road visibility; Road obstruction",Minor,COMPLETED,0.94,2026-03-08T15:20:00.000Z
RPT-TUT-009,Thoothukudi,Cattle,8.572,78.108,"Arumuganeri DCW Chemical Factory Road, Arumuganeri, Thoothukudi","Cow hit by factory supply truck during early evening hours.","Poor street lighting; Heavy traffic/noise",High,COMPLETED,0.98,2026-03-09T19:45:00.000Z
RPT-TUT-010,Thoothukudi,Dog,8.405,78.058,"Kulasekharapatnam ISRO Launch Complex Access Road, Kulasekharapatnam, Thoothukudi","Rural dog hit by construction dumper truck on newly widened road.","Construction area; High vehicle speed",Critical,COMPLETED,0.96,2026-03-10T14:10:00.000Z
RPT-TUT-011,Thoothukudi,Dog,9.172,77.868,"Kovilpatti NH-44 Bypass Junction, Near Kadalai Mittai Market, Kovilpatti, Thoothukudi","Street dog struck on national highway bypass curve by parcel truck.","High vehicle speed; Lack of animal crossing signage",Critical,COMPLETED,0.97,2026-03-11T22:15:00.000Z
RPT-TUT-012,Thoothukudi,Cattle,8.951,77.772,"Kayathar NH-44 Toll Road, Near Veerapandiya Kattabomman Memorial, Kayathar, Thoothukudi","Bull grazing on highway median hit by intercity passenger car.","High vehicle speed; Animals frequently crossing this road",High,COMPLETED,0.98,2026-03-12T07:20:00.000Z
RPT-TUT-013,Thoothukudi,Dog,9.148,77.995,"Ettayapuram Raja Street (SH-38), Near Bharathiyar Memorial House, Ettayapuram, Thoothukudi","Dog hit by two-wheeler in historic palace street.","Poor street lighting; Vehicles parked near road",Moderate,COMPLETED,0.95,2026-03-13T17:30:00.000Z
RPT-TUT-014,Thoothukudi,Cat,8.905,78.012,"Ottapidaram Taluk Office Road, Ottapidaram Village, Thoothukudi","Cat hit near agricultural canal bridge by tractor.","Poor road visibility; Road obstruction",Minor,COMPLETED,0.92,2026-03-14T20:15:00.000Z
RPT-TUT-015,Thoothukudi,Cattle,9.128,78.165,"Vilathikulam State Highway, Near Chillie Market, Vilathikulam, Thoothukudi","Cow injured after impact with mini-van carrying agricultural harvest.","Garbage/food attracting animals; High vehicle speed",Critical,COMPLETED,0.99,2026-03-15T18:40:00.000Z
RPT-TUT-016,Thoothukudi,Dog,8.441,77.912,"Sathankulam Main Road, Near Old Bus Stand, Sathankulam, Thoothukudi","Village dog struck by passenger van on market turn.","Heavy traffic/noise; Poor traffic control",Moderate,COMPLETED,0.95,2026-03-16T13:20:00.000Z
RPT-TUT-017,Thoothukudi,Dog,8.432,78.028,"Udangudi Thermal Power Plant Road, Udangudi Village, Thoothukudi","Stray dog hit by industrial dump truck transporting coal gravel.","Construction area; High vehicle speed",Critical,COMPLETED,0.97,2026-03-17T11:00:00.000Z
RPT-TUT-018,Thoothukudi,Cat,8.625,78.085,"Authoor Thamirabarani River Bridge Road, Authoor, Thoothukudi","Cat brushed by two-wheeler on wet bridge surface.","Poor street lighting; Poor road visibility",Minor,COMPLETED,0.93,2026-03-18T22:30:00.000Z
RPT-TUT-019,Thoothukudi,Dog,8.635,78.025,"Eral Vegetable Market Link Road, Eral Village, Thoothukudi","Community dog injured by loading auto reversing into lane.","Road obstruction; Heavy traffic/noise",Moderate,COMPLETED,0.95,2026-03-19T09:40:00.000Z
RPT-TUT-020,Thoothukudi,Cattle,8.685,78.062,"Sawyerpuram Agricultural Road, Near Pope Memorial School, Sawyerpuram, Thoothukudi","Cow hit by speeding milk delivery van in morning hours.","Animals frequently crossing this road; Poor road visibility",High,COMPLETED,0.98,2026-03-20T06:20:00.000Z
RPT-TSI-001,Tenkasi,Dog,8.959,77.315,"Tenkasi New Bus Stand NH-744 Junction, Tenkasi Town","Street dog hit by inter-state bus arriving from Kerala via Kollam highway.","Heavy traffic/noise; Poor traffic control",Critical,COMPLETED,0.98,2026-03-01T17:45:00.000Z
RPT-TSI-002,Tenkasi,Cattle,8.932,77.275,"Courtallam Main Falls Road, Near Old Courtallam Turning, Courtallam, Tenkasi","Milch cow hit by speeding tourist van during southwest monsoon season.","High vehicle speed; Poor road visibility; Animals frequently crossing this road",Critical,COMPLETED,0.99,2026-03-02T19:30:00.000Z
RPT-TSI-003,Tenkasi,Dog,8.928,77.255,"Five Falls (Aintharuvi) Forest Approach Road, Courtallam, Tenkasi","Dog hit by SUV on narrow mountain stream culvert.","Poor street lighting; Road obstruction",Moderate,COMPLETED,0.96,2026-03-03T20:10:00.000Z
RPT-TSI-004,Tenkasi,Cattle,8.871,77.498,"Tirunelveli - Tenkasi 4-Lane Highway (SH-39), Alangulam Market Junction, Alangulam, Tenkasi","Cow hit on highway median cut by speeding delivery truck.","High vehicle speed; Stray cattle grazing on verge",Critical,COMPLETED,0.99,2026-03-04T18:15:00.000Z
RPT-TSI-005,Tenkasi,Dog,8.912,77.385,"Pavoorchatram Wholesale Vegetable Market Highway (SH-39), Pavoorchatram, Tenkasi","Market dog run over by vegetable loading lorry at early morning auction.","Garbage/food attracting animals; Heavy traffic/noise",Moderate,COMPLETED,0.95,2026-03-05T05:30:00.000Z
RPT-TSI-006,Tenkasi,Cat,8.978,77.425,"Surandai Bus Stand Commercial Road, Surandai Town, Tenkasi","Cat brushed by two-wheeler near bus terminus shop row.","Poor street lighting; Vehicles parked near road",Minor,COMPLETED,0.93,2026-03-06T21:40:00.000Z
RPT-TSI-007,Tenkasi,Dog,9.075,77.345,"NH-744 Kollam - Madurai Highway, Near Kadayanallur Railway Gate, Kadayanallur, Tenkasi","Dog hit by express government bus near railway feeder road.","High vehicle speed; Poor traffic control",High,COMPLETED,0.97,2026-03-07T14:20:00.000Z
RPT-TSI-008,Tenkasi,Cattle,9.175,77.401,"NH-744 Lemon Market Corridor, Puliangudi Village, Tenkasi","Stray cow hit by container truck on the national highway.","High vehicle speed; Garbage/food attracting animals",Critical,COMPLETED,0.99,2026-03-08T19:00:00.000Z
RPT-TSI-009,Tenkasi,Dog,9.235,77.428,"Vasudevanallur Border Road (NH-744), Vasudevanallur, Tenkasi","Village dog struck on highway bridge crossing.","High vehicle speed; Poor road visibility",Moderate,COMPLETED,0.96,2026-03-09T16:15:00.000Z
RPT-TSI-010,Tenkasi,Cattle,9.172,77.532,"Sankarankovil - Rajapalayam Road, Near Sankaranarayana Swamy Temple Car Street, Sankarankovil, Tenkasi","Temple cow hit by transport bus during monthly festival traffic.","Heavy traffic/noise; Poor traffic control",High,COMPLETED,0.98,2026-03-10T12:00:00.000Z
RPT-TSI-011,Tenkasi,Dog,8.985,77.248,"Shenkottai Western Ghats Road (NH-744), Aryankavu Pass Border, Shenkottai, Tenkasi","Dog struck on hairpin turn descent toward border checkpost.","Road obstruction; Poor road visibility",Critical,COMPLETED,0.97,2026-03-11T21:30:00.000Z
RPT-TSI-012,Tenkasi,Cat,8.975,77.342,"Ayikudi Amar Seva Sangam Road, Ayikudi Village, Tenkasi","Cat hit near rehabilitation campus entrance lane.","Poor street lighting",Minor,COMPLETED,0.93,2026-03-12T20:10:00.000Z
RPT-TSI-013,Tenkasi,Dog,8.948,77.442,"Veerakeralampudur Main Road, Near Taluk Office, Veerakeralampudur Village, Tenkasi","Stray dog hit by mini-lorry on rural canal road.","High vehicle speed; Poor road visibility",Moderate,COMPLETED,0.95,2026-03-13T15:40:00.000Z
RPT-TSI-014,Tenkasi,Cattle,8.988,77.382,"Sambavar Vadakarai Agricultural Road, Sambavar Vadakarai Village, Tenkasi","Cow hit by tractor trailer returning from sugarcane mill.","Animals frequently crossing this road; Heavy traffic/noise",High,COMPLETED,0.98,2026-03-14T18:00:00.000Z
RPT-TSI-015,Tenkasi,Dog,8.945,77.295,"Ilanji Mango Groves Road (SH-40), Ilanji Village, Tenkasi","Dog brushed by tourist passenger tempo on orchard road.","High vehicle speed; Poor street lighting",Moderate,COMPLETED,0.96,2026-03-15T19:20:00.000Z